symbol,start_time,target_time,market_state,risk_allowed,entry_reference,target_price,move_percent,maximum_adverse_percent,detected,route,first_detection_time,detection_delay_hours,pullback_time,breakout_time,start_pullback_failed,start_breakout_failed
BTCUSDT,2026-05-01 00:00:00,2026-05-01 12:30:00,BEAR,False,76346.58,77720.81844,3.131338692577976,0.03426479614411476,False,MISSED,,,,,,market_state|trend_stack|trend_acceleration|breakout|volume|adx
BTCUSDT,2026-05-03 02:00:00,2026-05-04 02:00:00,BULL,True,78240.84,79649.17512,1.9536983498643377,0.20035572215226058,False,MISSED,,,,,reclaim|stop_distance|candle_quality,trend_stack|trend_acceleration|breakout|candle_quality|rsi
BTCUSDT,2026-05-04 11:00:00,2026-05-04 17:15:00,STRONG_BULL,True,78940.27,80361.19486,2.687170945830303,0.5577254802903563,False,MISSED,,,,,pullback_zone|reclaim|candle_quality,trend_stack|breakout|candle_quality|rsi
BTCUSDT,2026-05-04 23:00:00,2026-05-05 13:15:00,STRONG_BULL,True,80067.22,81508.42996000001,2.039274000021474,0.4025492579859744,False,MISSED,,,,,pullback_zone|reclaim|volume|candle_quality,breakout|volume|candle_quality|volatility
BTCUSDT,2026-05-05 23:00:00,2026-05-06 11:30:00,STRONG_BULL,True,81111.27,82571.27286000001,1.9389907222510394,0.4686525066122188,False,MISSED,,,,,reclaim|candle_quality,breakout|candle_quality|relative_strength
BTCUSDT,2026-05-10 00:00:00,2026-05-10 23:15:00,STRONG_BULL,True,80678.41,82130.62138000001,2.133891830540533,0.4941098863995949,False,MISSED,,,,,momentum|reclaim|candle_quality,trend_acceleration|breakout|candle_quality
BTCUSDT,2026-05-13 16:00:00,2026-05-14 14:45:00,SHOCK,False,78827.21,80246.09978,3.1385355386800944,0.09204943318431823,False,MISSED,,,,,trend_stack|trend_stability|ema50_slope|momentum|pullback_zone|reclaim|rsi|candle_quality|asset_shock|market_state|setup_score,market_state|asset_shock|trend_stack|trend_acceleration|breakout|candle_quality|relative_strength|rsi
BTCUSDT,2026-05-20 03:00:00,2026-05-21 01:15:00,BEAR,False,76690.42,78070.84756,1.8761795801874679,0.11139592142016307,False,MISSED,,,,,trend_stack|trend_stability|ema50_slope|momentum|pullback_zone|reclaim|volume|candle_quality|market_state|setup_score,market_state|trend_stack|trend_acceleration|breakout|volume|adx|candle_quality|rsi
BTCUSDT,2026-05-23 08:00:00,2026-05-23 19:30:00,SHOCK,False,74609.37,75952.33866,3.589642963075558,0.40988149343708125,False,MISSED,,,,,trend_stack|trend_stability|ema50_slope|momentum|pullback_zone|reclaim|rsi|candle_quality|asset_shock|market_state|setup_score,market_state|asset_shock|trend_stack|trend_acceleration|breakout|candle_quality|rsi
BTCUSDT,2026-05-24 22:00:00,2026-05-25 09:45:00,BEAR,False,76151.14,77521.86052,2.0807961640495507,0.02513422648695662,False,MISSED,,,,,trend_stack|trend_stability|momentum|pullback_zone|reclaim|candle_quality|market_state|setup_score,market_state|trend_stack|trend_acceleration|breakout|candle_quality|rsi
BTCUSDT,2026-06-03 04:00:00,2026-06-03 06:00:00,BEAR,False,65849.9,67181.8940215098,2.2651515036469396,0.024145822544900112,False,MISSED,,,,,trend_stack|trend_stability|ema50_slope|momentum|pullback_zone|reclaim|rsi|candle_quality|asset_shock|market_state|setup_score,market_state|asset_shock|trend_stack|trend_acceleration|breakout|candle_quality|rsi
BTCUSDT,2026-06-04 02:00:00,2026-06-04 03:15:00,SHOCK,False,62178.1,63746.754241901,3.943349828959073,1.277845415025549,False,MISSED,,,,,trend_stack|trend_stability|ema50_slope|momentum|pullback_zone|reclaim|rsi|candle_quality|asset_shock|market_state|setup_score,market_state|asset_shock|trend_stack|trend_acceleration|breakout|candle_quality|relative_strength|rsi
BTCUSDT,2026-06-05 19:00:00,2026-06-05 21:00:00,SHOCK,False,59396.0,61476.604315767465,4.171981278200549,0.4463095157923033,False,MISSED,,,,,trend_stack|trend_stability|ema50_slope|momentum|pullback_zone|reclaim|rsi|candle_quality|asset_shock|market_state|setup_score,market_state|asset_shock|trend_stack|trend_acceleration|breakout|candle_quality|rsi
BTCUSDT,2026-06-06 10:00:00,2026-06-07 09:00:00,BEAR,False,60981.24,62714.90685178746,3.0726990792578244,1.284395004102898,False,MISSED,,,,,trend_stack|trend_stability|ema50_slope|momentum|pullback_zone|reclaim|volume|candle_quality|market_state|setup_score,market_state|trend_stack|trend_acceleration|breakout|volume|candle_quality|rsi
BTCUSDT,2026-06-07 13:00:00,2026-06-07 22:15:00,BEAR,False,61900.66,63014.871880000006,3.184683329709241,1.1577582533045745,False,MISSED,,,,,trend_stack|trend_stability|momentum|reclaim|candle_quality|market_state|setup_score,market_state|trend_stack|trend_acceleration|breakout|candle_quality|relative_strength
BTCUSDT,2026-06-08 05:00:00,2026-06-08 15:00:00,BEAR,False,62684.61,63958.89189918579,2.3919587279876184,0.44127258668435615,False,MISSED,,,,,trend_stack|trend_stability|momentum|reclaim|volume|candle_quality|market_state|setup_score,market_state|trend_stack|trend_acceleration|breakout|volume|candle_quality|relative_strength
BTCUSDT,2026-06-09 16:00:00,2026-06-10 13:45:00,BEAR,False,61131.85,62232.2233,2.4657850204108085,0.6164544341452101,False,MISSED,,,,,trend_stack|trend_stability|ema50_slope|momentum|pullback_zone|reclaim|rsi|candle_quality|asset_shock|market_state|setup_score,market_state|asset_shock|trend_stack|trend_acceleration|breakout|candle_quality|relative_strength|rsi
BTCUSDT,2026-06-10 18:00:00,2026-06-11 11:00:00,BEAR,False,61969.99,63133.93983659179,2.7016302568388415,1.397047183644858,False,MISSED,,,,,trend_stack|trend_stability|ema50_slope|momentum|pullback_zone|reclaim|candle_quality|market_state|setup_score,market_state|trend_stack|trend_acceleration|breakout|candle_quality|rsi
BTCUSDT,2026-06-11 15:00:00,2026-06-12 09:45:00,BEAR,False,62734.02,63863.232359999995,2.0179959773022693,0.6153280150068445,False,MISSED,,,,,trend_stack|trend_stability|momentum|reclaim|candle_quality|market_state|setup_score,market_state|trend_stack|trend_acceleration|breakout|candle_quality
BTCUSDT,2026-06-12 14:00:00,2026-06-12 15:15:00,BEAR,False,63229.1,64367.2238,1.807553800386217,0.06183861544763178,False,MISSED,,,,,trend_stack|trend_stability|reclaim|candle_quality|market_state|setup_score,market_state|trend_stack|breakout|candle_quality|relative_strength|rsi
BTCUSDT,2026-06-13 05:00:00,2026-06-14 01:30:00,BEAR,False,63512.01,64655.226180000005,1.8075164051649413,0.029679425985728595,False,MISSED,,,,,trend_stack|trend_stability|reclaim|adx|volume|candle_quality|market_state|setup_score,market_state|trend_stack|trend_acceleration|breakout|volume|adx|candle_quality|rsi
BTCUSDT,2026-06-14 02:00:00,2026-06-15 00:00:00,NEUTRAL,True,64563.0,65725.134,2.0522590338119358,1.3694685810758456,False,MISSED,,,,,trend_stability|pullback_zone|reclaim|rsi|reward_risk|candle_quality|setup_score,breakout|candle_quality
BTCUSDT,2026-06-15 00:00:00,2026-06-15 16:00:00,NEUTRAL,True,65746.45,66929.8861,2.3509862509686874,0.5969143581136276,True,BREAKOUT,2026-06-15 00:00:00,0.0,,2026-06-15 00:00:00,pullback_zone|reclaim|rsi|extension|reward_risk|setup_score,relative_strength
BTCUSDT,2026-06-17 09:00:00,2026-06-17 16:30:00,NEUTRAL,True,64926.02,66094.68836,2.0515349624079886,0.5560482530732622,False,MISSED,,,,,trend_stack|ema50_slope|momentum|pullback_zone|reclaim|rsi|candle_quality|setup_score,trend_stack|trend_acceleration|breakout|adx|candle_quality|rsi
BTCUSDT,2026-06-19 05:00:00,2026-06-20 00:30:00,BEAR,False,62452.01,63576.14618,1.8670335830664218,0.2170786816949522,False,MISSED,,,,,trend_stack|trend_stability|ema50_slope|momentum|pullback_zone|reclaim|rsi|volume|candle_quality|market_state|setup_score,market_state|trend_stack|trend_acceleration|breakout|volume|candle_quality|rsi
BTCUSDT,2026-06-21 14:00:00,2026-06-22 13:45:00,BEAR,False,64146.0,65300.628000000004,2.2324073207994264,1.3656346459638948,False,MISSED,,,,,trend_stack|trend_stability|reclaim|volume|candle_quality|market_state|setup_score,market_state|trend_stack|breakout|volume|candle_quality
BTCUSDT,2026-06-24 17:00:00,2026-06-24 21:00:00,SHOCK,False,59850.0,60927.3,3.4523809523809526,1.2486215538847167,False,MISSED,,,,,trend_stack|trend_stability|ema50_slope|momentum|pullback_zone|reclaim|rsi|candle_quality|asset_shock|market_state|setup_score,market_state|asset_shock|trend_stack|trend_acceleration|breakout|candle_quality|rsi
BTCUSDT,2026-06-25 14:00:00,2026-06-25 16:15:00,SHOCK,False,58291.7,59595.81513871107,3.9496360545326437,0.0,False,MISSED,,,,,trend_stack|trend_stability|ema50_slope|momentum|pullback_zone|reclaim|rsi|candle_quality|asset_shock|market_state|setup_score,market_state|asset_shock|trend_stack|trend_acceleration|breakout|candle_quality|rsi
BTCUSDT,2026-06-26 03:00:00,2026-06-26 04:00:00,BEAR,False,58562.0,59892.44406540201,3.4698439260954235,0.38420818961101055,False,MISSED,,,,,trend_stack|trend_stability|ema50_slope|momentum|pullback_zone|reclaim|rsi|candle_quality|market_state|setup_score,market_state|trend_stack|trend_acceleration|breakout|candle_quality|rsi
BTCUSDT,2026-06-28 18:00:00,2026-06-29 12:15:00,BEAR,False,59586.0,60658.548,1.8225757728325447,1.151260363172554,False,MISSED,,,,,trend_stack|trend_stability|ema50_slope|momentum|pullback_zone|reclaim|rsi|candle_quality|market_state|setup_score,market_state|trend_stack|trend_acceleration|breakout|adx|candle_quality|rsi
BTCUSDT,2026-06-29 15:00:00,2026-06-29 17:30:00,BEAR,False,59469.45,60539.9001,1.9347076524165012,0.6253126605340984,False,MISSED,,,,,trend_stack|trend_stability|ema50_slope|momentum|pullback_zone|reclaim|candle_quality|market_state|setup_score,market_state|trend_stack|trend_acceleration|breakout|candle_quality|relative_strength|rsi
BTCUSDT,2026-06-30 15:00:00,2026-07-01 14:15:00,BEAR,False,58482.81,59535.50058,2.556648697283876,1.1672147764445575,False,MISSED,,,,,trend_stack|trend_stability|ema50_slope|momentum|pullback_zone|reclaim|rsi|candle_quality|market_state|setup_score,market_state|trend_stack|trend_acceleration|breakout|candle_quality|relative_strength|rsi
BTCUSDT,2026-07-01 15:00:00,2026-07-01 21:45:00,BEAR,False,59541.99,60613.74582,4.265242058587563,0.03607538142409403,False,MISSED,,,,,trend_stack|trend_stability|ema50_slope|momentum|pullback_zone|reclaim|candle_quality|market_state|setup_score,market_state|trend_stack|trend_acceleration|candle_quality|relative_strength
BTCUSDT,2026-07-02 03:00:00,2026-07-02 13:00:00,NEUTRAL,True,60423.11,61510.72598,2.744794168986002,0.5281257452653473,False,MISSED,,,,,trend_stack|trend_stability|reclaim|volume|reward_risk|setup_score,trend_stack|breakout|volume
BTCUSDT,2026-07-02 21:00:00,2026-07-03 20:45:00,NEUTRAL,True,61584.77,62693.29586,1.9357870460505113,0.5454432971008842,False,MISSED,,,,,trend_stack|trend_stability|pullback_zone|reclaim|volume|reward_risk|setup_score,trend_stack|breakout|volume
BTCUSDT,2026-07-05 03:00:00,2026-07-05 23:15:00,BULL,True,62693.57,63822.05426,2.0487427977063684,0.4098984951726361,False,MISSED,,,,,reclaim|candle_quality,trend_stack|breakout|volume|candle_quality|rsi
BTCUSDT,2026-07-06 13:00:00,2026-07-06 15:45:00,NEUTRAL,True,61754.01,62865.582180000005,4.430432938686899,0.7241149198246487,False,MISSED,,,,,trend_stack|momentum|pullback_zone|reclaim|rsi|candle_quality|asset_shock|setup_score,asset_shock|trend_stack|trend_acceleration|breakout|candle_quality|rsi
BTCUSDT,2026-07-07 08:00:00,2026-07-07 17:45:00,NEUTRAL,True,63083.19,64218.68742,1.8210873609910905,0.6527888015809012,False,MISSED,,,,,reclaim|adx|volume|candle_quality,trend_stack|trend_acceleration|breakout|volume|adx|candle_quality|rsi
BTCUSDT,2026-07-08 15:00:00,2026-07-09 07:45:00,BEAR,False,61889.83,63003.84694,1.8775944286807715,0.5578784107178902,False,MISSED,,,,,trend_stack|trend_stability|ema50_slope|momentum|pullback_zone|reclaim|rsi|candle_quality|market_state|setup_score,market_state|trend_stack|trend_acceleration|breakout|candle_quality|rsi
BTCUSDT,2026-07-09 08:00:00,2026-07-10 05:45:00,NEUTRAL,True,62999.99,64133.98982,1.8720320431796968,0.8485715632653252,False,MISSED,,,,,trend_stack|trend_stability|ema50_slope|momentum|pullback_zone|reclaim|candle_quality|setup_score,trend_stack|trend_acceleration|breakout|candle_quality
BTCUSDT,2026-07-13 13:00:00,2026-07-14 13:00:00,BEAR,False,62625.15,63752.402700000006,2.1314919006181996,1.2777294745002612,False,MISSED,,,,,trend_stack|trend_stability|ema50_slope|momentum|pullback_zone|reclaim|rsi|candle_quality|market_state|setup_score,market_state|trend_stack|trend_acceleration|breakout|volume|candle_quality|relative_strength|rsi
BTCUSDT,2026-07-14 13:00:00,2026-07-15 13:00:00,BEAR,False,63959.99,65111.26982,1.8824424456601732,0.5925579413004912,False,MISSED,,,,,trend_stack|trend_stability|ema50_slope|momentum|rsi|extension|reward_risk|market_state|setup_score,market_state|trend_stack|trend_acceleration
BTCUSDT,2026-07-17 06:00:00,2026-07-17 17:30:00,BEAR,False,62839.77,63970.885859999995,2.259651809674043,0.48092155652383695,False,MISSED,,,,,trend_stack|trend_stability|ema50_slope|momentum|pullback_zone|reclaim|rsi|candle_quality|asset_shock|market_state|setup_score,market_state|asset_shock|trend_stack|trend_acceleration|breakout|candle_quality|rsi
ETHUSDT,2026-05-01 00:00:00,2026-05-01 14:00:00,BEAR,False,2257.51,2313.94775,2.726455253797313,0.013288977678955214,False,MISSED,,,,,,market_state|trend_stack|trend_acceleration|breakout|volume|adx|rsi
ETHUSDT,2026-05-03 03:00:00,2026-05-04 02:30:00,BULL,True,2303.41,2360.9952499999995,3.352855114808046,0.252668869198263,False,MISSED,,,,,trend_stack|trend_stability|reclaim|candle_quality|setup_score,trend_stack|breakout|candle_quality|rsi
ETHUSDT,2026-05-04 14:00:00,2026-05-05 13:15:00,STRONG_BULL,True,2336.53,2394.94325,2.50884859171506,0.38775449063356343,True,PULLBACK,2026-05-04 17:00:00,3.0,2026-05-04 17:00:00,,reclaim|candle_quality,trend_stack|breakout|volume|candle_quality|rsi
ETHUSDT,2026-05-12 16:00:00,2026-05-13 09:15:00,BEAR,False,2261.86,2318.4065,2.6394206537981932,0.24714173291008928,False,MISSED,,,,,trend_stack|trend_stability|ema50_slope|momentum|pullback_zone|reclaim|rsi|candle_quality|market_state|setup_score,market_state|trend_stack|trend_acceleration|breakout|candle_quality|rsi
ETHUSDT,2026-05-13 16:00:00,2026-05-14 16:00:00,SHOCK,False,2236.48,2292.392,2.772213478323079,0.04471312061811418,False,MISSED,,,,,trend_stack|trend_stability|ema50_slope|momentum|pullback_zone|reclaim|rsi|candle_quality|asset_shock|market_state|setup_score,market_state|asset_shock|trend_stack|trend_acceleration|breakout|candle_quality|rsi
ETHUSDT,2026-05-18 19:00:00,2026-05-18 21:45:00,BEAR,False,2081.31,2133.34275,2.927002705027126,0.08023792707477852,False,MISSED,,,,,trend_stack|trend_stability|ema50_slope|momentum|pullback_zone|reclaim|rsi|candle_quality|market_state|setup_score,market_state|trend_stack|trend_acceleration|breakout|candle_quality|relative_strength|rsi
ETHUSDT,2026-05-23 08:00:00,2026-05-23 19:30:00,SHOCK,False,2028.58,2079.2945,5.8030740715180205,0.37020970333928127,False,MISSED,,,,,trend_stack|trend_stability|ema50_slope|momentum|pullback_zone|reclaim|rsi|candle_quality|asset_shock|market_state|setup_score,market_state|asset_shock|trend_stack|trend_acceleration|breakout|candle_quality|rsi
ETHUSDT,2026-05-23 20:00:00,2026-05-23 20:45:00,BEAR,False,2077.34,2129.2735,3.3196299113289127,0.12034621198263162,False,MISSED,,,,,trend_stack|trend_stability|ema50_slope|momentum|pullback_zone|reclaim|market_state|setup_score,market_state|trend_stack|trend_acceleration|breakout|volume|candle_quality
ETHUSDT,2026-05-24 22:00:00,2026-05-25 14:30:00,BEAR,False,2070.59,2122.35475,3.178321154839922,0.0014488624015473893,False,MISSED,,,,,trend_stack|trend_stability|momentum|pullback_zone|reclaim|rsi|candle_quality|asset_shock|market_state|setup_score,market_state|asset_shock|trend_stack|trend_acceleration|breakout|candle_quality|rsi
ETHUSDT,2026-06-03 04:00:00,2026-06-03 06:45:00,BEAR,False,1828.24,1875.2742682746834,3.2687174550387255,0.03227147420469513,False,MISSED,,,,,trend_stack|trend_stability|ema50_slope|momentum|pullback_zone|reclaim|rsi|candle_quality|market_state|setup_score,market_state|trend_stack|trend_acceleration|breakout|candle_quality|rsi
ETHUSDT,2026-06-03 20:00:00,2026-06-03 22:00:00,BEAR,False,1803.41,1848.49525,2.5889842021503613,1.8736726534731531,False,MISSED,,,,,trend_stack|trend_stability|ema50_slope|momentum|pullback_zone|reclaim|rsi|candle_quality|asset_shock|market_state|setup_score,market_state|asset_shock|trend_stack|trend_acceleration|breakout|candle_quality|relative_strength|rsi
ETHUSDT,2026-06-06 05:00:00,2026-06-06 08:45:00,BEAR,False,1522.57,1587.305594734346,4.888445194638018,1.109308603216921,False,MISSED,,,,,trend_stack|trend_stability|ema50_slope|momentum|pullback_zone|reclaim|rsi|candle_quality|asset_shock|market_state|setup_score,market_state|asset_shock|trend_stack|trend_acceleration|breakout|candle_quality|relative_strength|rsi
ETHUSDT,2026-06-06 17:00:00,2026-06-07 06:30:00,BEAR,False,1563.58,1617.3700348953305,5.078090024175296,1.057189270776038,False,MISSED,,,,,trend_stack|trend_stability|ema50_slope|momentum|pullback_zone|reclaim|volume|market_state|setup_score,market_state|trend_stack|trend_acceleration|breakout|volume|relative_strength|rsi
ETHUSDT,2026-06-07 07:00:00,2026-06-07 22:15:00,BEAR,False,1612.01,1652.3102499999998,5.6246549339023995,0.4968951805509885,False,MISSED,,,,,trend_stack|trend_stability|ema50_slope|momentum|pullback_zone|reclaim|extension|candle_quality|market_state|setup_score,market_state|trend_stack|trend_acceleration|candle_quality|relative_strength
ETHUSDT,2026-06-08 05:00:00,2026-06-08 15:15:00,BEAR,False,1657.05,1701.586353741369,3.4416583687879045,0.7271959204610575,False,MISSED,,,,,trend_stack|trend_stability|momentum|reclaim|candle_quality|market_state|setup_score,market_state|trend_stack|trend_acceleration|breakout|volume|candle_quality
ETHUSDT,2026-06-10 03:00:00,2026-06-10 13:45:00,BEAR,False,1624.21,1664.8152499999999,2.6104998737847853,1.1205447571434757,False,MISSED,,,,,trend_stack|trend_stability|ema50_slope|momentum|pullback_zone|reclaim|rsi|volume|candle_quality|market_state|setup_score,market_state|trend_stack|trend_acceleration|breakout|volume|candle_quality|relative_strength|rsi
ETHUSDT,2026-06-10 18:00:00,2026-06-11 17:45:00,BEAR,False,1632.32,1673.1279999999997,3.4515291119388447,1.7692609292295558,False,MISSED,,,,,trend_stack|trend_stability|ema50_slope|momentum|pullback_zone|reclaim|candle_quality|market_state|setup_score,market_state|trend_stack|trend_acceleration|breakout|adx|candle_quality|rsi
ETHUSDT,2026-06-13 23:00:00,2026-06-14 22:45:00,NEUTRAL,True,1681.62,1723.6604999999997,2.630796493857115,1.5889439944815003,False,MISSED,,,,,trend_stack|trend_stability|pullback_zone|reclaim|volume|candle_quality|setup_score,trend_stack|breakout|volume|candle_quality|relative_strength
ETHUSDT,2026-06-14 23:00:00,2026-06-15 12:45:00,NEUTRAL,True,1722.62,1765.6854999999998,7.135061708328017,0.7523423622156837,False,MISSED,,,,,trend_stack|trend_stability|pullback_zone|reclaim|rsi|extension|reward_risk|setup_score,trend_stack|breakout|candle_quality|rsi
ETHUSDT,2026-06-15 13:00:00,2026-06-15 15:45:00,BULL,True,1777.48,1821.917,3.828453766005804,0.16202713954588005,False,MISSED,,,,,pullback_zone|reclaim|rsi|extension|reward_risk|setup_score,extension|rsi
ETHUSDT,2026-06-16 03:00:00,2026-06-16 12:30:00,BULL,True,1770.13,1814.3832499999999,2.8675859965087303,0.6852604046030578,True,PULLBACK,2026-06-16 09:00:00,6.0,2026-06-16 09:00:00,,reclaim|candle_quality,trend_stack|breakout|volume|candle_quality|rsi
ETHUSDT,2026-06-19 17:00:00,2026-06-20 15:30:00,BEAR,False,1696.8,1739.2199999999998,2.696841112682696,0.18269684111267734,False,MISSED,,,,,trend_stack|trend_stability|ema50_slope|momentum|pullback_zone|reclaim|candle_quality|market_state|setup_score,market_state|trend_stack|trend_acceleration|breakout|volume|candle_quality|rsi
ETHUSDT,2026-06-21 14:00:00,2026-06-22 13:45:00,BEAR,False,1725.15,1768.27875,3.0350983972408137,1.3419122974813835,False,MISSED,,,,,trend_stack|trend_stability|momentum|reclaim|volume|candle_quality|market_state|setup_score,market_state|trend_stack|trend_acceleration|breakout|volume|adx|candle_quality|rsi
ETHUSDT,2026-06-24 18:00:00,2026-06-24 20:15:00,BEAR,False,1560.66,1600.3390492123542,6.237745569182263,0.2434867299732281,False,MISSED,,,,,trend_stack|trend_stability|ema50_slope|momentum|pullback_zone|reclaim|rsi|candle_quality|asset_shock|market_state|setup_score,market_state|asset_shock|trend_stack|trend_acceleration|breakout|candle_quality|relative_strength|rsi
ETHUSDT,2026-06-26 03:00:00,2026-06-26 06:45:00,BEAR,False,1524.7,1568.5552588868545,4.042762510657826,0.8329507444087392,False,MISSED,,,,,trend_stack|trend_stability|ema50_slope|momentum|pullback_zone|reclaim|rsi|candle_quality|asset_shock|market_state|setup_score,market_state|asset_shock|trend_stack|trend_acceleration|breakout|candle_quality|relative_strength|rsi
ETHUSDT,2026-06-28 18:00:00,2026-06-29 17:15:00,BEAR,False,1572.34,1611.6484999999998,3.719933347749215,1.5244794382894304,False,MISSED,,,,,trend_stack|trend_stability|ema50_slope|momentum|pullback_zone|reclaim|candle_quality|market_state|setup_score,market_state|trend_stack|trend_acceleration|breakout|adx|candle_quality|rsi
ETHUSDT,2026-06-30 13:00:00,2026-07-01 04:00:00,BEAR,False,1552.8,1591.62,2.997810407006695,0.16743946419370873,False,MISSED,,,,,trend_stack|trend_stability|ema50_slope|momentum|pullback_zone|reclaim|rsi|candle_quality|asset_shock|market_state|setup_score,market_state|asset_shock|trend_stack|trend_acceleration|breakout|candle_quality|rsi
ETHUSDT,2026-07-01 04:00:00,2026-07-02 04:00:00,BEAR,False,1594.81,1634.68025,2.800333582056802,1.8528852966811067,False,MISSED,,,,,trend_stack|trend_stability|ema50_slope|reclaim|market_state|setup_score,market_state|trend_stack|trend_acceleration|breakout
ETHUSDT,2026-07-02 04:00:00,2026-07-02 13:30:00,NEUTRAL,True,1639.46,1680.4464999999998,4.711307381698853,1.533431739719182,False,MISSED,,,,,trend_stack|trend_stability|pullback_zone|reclaim|extension|reward_risk|setup_score,trend_stack|breakout
ETHUSDT,2026-07-02 16:00:00,2026-07-03 10:45:00,NEUTRAL,True,1697.06,1739.4864999999998,3.053516080751427,0.6228418559155208,False,MISSED,,,,,trend_stability|pullback_zone|reclaim|rsi|extension|reward_risk|candle_quality|setup_score,breakout|volume|candle_quality|extension
ETHUSDT,2026-07-03 16:00:00,2026-07-04 15:15:00,BULL,True,1731.24,1774.521,3.596266260021718,0.19465816409048534,True,BREAKOUT,2026-07-03 21:00:00,5.0,,2026-07-03 21:00:00,pullback_zone|reclaim|reward_risk|candle_quality|setup_score,breakout|volume|candle_quality
ETHUSDT,2026-07-06 10:00:00,2026-07-06 21:15:00,BULL,True,1758.67,1802.63675,3.441805455258802,1.6899134004674001,False,MISSED,,,,,pullback_zone|reclaim|rsi|candle_quality,trend_stack|breakout|candle_quality|relative_strength|rsi
ETHUSDT,2026-07-09 03:00:00,2026-07-10 03:00:00,BEAR,False,1727.3,1770.4824999999998,2.6376425635384675,0.31088982805534016,False,MISSED,,,,,trend_stack|trend_stability|ema50_slope|momentum|pullback_zone|reclaim|rsi|volume|candle_quality|market_state|setup_score,market_state|trend_stack|trend_acceleration|breakout|volume|candle_quality|rsi
ETHUSDT,2026-07-12 01:00:00,2026-07-13 00:15:00,NEUTRAL,True,1788.98,1833.7044999999998,2.8546993258728404,0.04583617480351576,True,PULLBACK,2026-07-12 04:00:00,3.0,2026-07-12 04:00:00,,pullback_zone|reclaim|rsi|setup_score,trend_stack|trend_acceleration|breakout|candle_quality|rsi
ETHUSDT,2026-07-13 13:00:00,2026-07-14 12:45:00,BEAR,False,1772.33,1816.6382499999997,5.005275541236679,1.2486387975151287,False,MISSED,,,,,trend_stack|trend_stability|ema50_slope|momentum|pullback_zone|reclaim|rsi|candle_quality|market_state|setup_score,market_state|trend_stack|trend_acceleration|breakout|adx|candle_quality|rsi
ETHUSDT,2026-07-14 13:00:00,2026-07-15 13:00:00,BEAR,False,1861.04,1907.5659999999998,3.552852168679884,0.3562524180028308,False,MISSED,,,,,trend_stability|reclaim|rsi|extension|reward_risk|asset_shock|market_state|setup_score,market_state|asset_shock|adx|extension|rsi
SOLUSDT,2026-05-05 09:00:00,2026-05-06 07:30:00,STRONG_BULL,True,84.79,87.75765,4.988795848567036,0.4245783700908119,False,MISSED,,,,,trend_stability|reclaim|volume|candle_quality,breakout|volume|adx|candle_quality
SOLUSDT,2026-05-07 19:00:00,2026-05-08 18:15:00,NEUTRAL,False,88.58,91.68029999999999,4.22217204786633,1.1063445473018785,False,MISSED,,,,,reclaim|adx|candle_quality|market_state,market_state|trend_stack|trend_acceleration|breakout|volume|adx|candle_quality|rsi
SOLUSDT,2026-05-09 18:00:00,2026-05-10 18:00:00,STRONG_BULL,True,93.21,96.47234999999999,3.5189357365089595,0.6544362192897752,False,MISSED,,,,,volume,breakout|volume|candle_quality
SOLUSDT,2026-05-10 21:00:00,2026-05-11 16:15:00,SHOCK,False,94.51,97.81784999999999,3.893767855253404,0.22219870913131726,False,MISSED,,,,,reclaim|candle_quality|asset_shock|market_state,market_state|asset_shock|breakout|candle_quality
SOLUSDT,2026-05-14 04:00:00,2026-05-14 16:00:00,BEAR,False,89.93,93.07755,4.047592572000429,0.07783831869232445,False,MISSED,,,,,trend_stack|trend_stability|ema50_slope|momentum|pullback_zone|reclaim|rsi|candle_quality|asset_shock|market_state|setup_score,market_state|asset_shock|trend_stack|trend_acceleration|breakout|candle_quality|relative_strength|rsi
SOLUSDT,2026-05-23 08:00:00,2026-05-23 20:45:00,SHOCK,False,82.25,85.12875,5.872340425531912,0.75379939209727,False,MISSED,,,,,trend_stack|trend_stability|ema50_slope|momentum|pullback_zone|reclaim|rsi|candle_quality|asset_shock|market_state|setup_score,market_state|asset_shock|trend_stack|trend_acceleration|breakout|candle_quality|rsi
SOLUSDT,2026-06-03 04:00:00,2026-06-03 07:45:00,BEAR,False,72.71,75.25484999999999,4.057213588227208,0.027506532801534894,False,MISSED,,,,,trend_stack|trend_stability|ema50_slope|momentum|pullback_zone|reclaim|rsi|candle_quality|asset_shock|market_state|setup_score,market_state|asset_shock|trend_stack|trend_acceleration|breakout|candle_quality|relative_strength|rsi
SOLUSDT,2026-06-04 02:00:00,2026-06-04 03:45:00,SHOCK,False,68.63,71.16456824070491,4.502404196415568,2.666472388168437,False,MISSED,,,,,trend_stack|trend_stability|ema50_slope|momentum|pullback_zone|reclaim|rsi|candle_quality|asset_shock|market_state|setup_score,market_state|asset_shock|trend_stack|trend_acceleration|breakout|candle_quality|relative_strength|rsi
SOLUSDT,2026-06-06 05:00:00,2026-06-07 03:30:00,BEAR,False,60.89,64.01383341963745,5.271801609459671,1.2481524059779898,False,MISSED,,,,,trend_stack|trend_stability|ema50_slope|momentum|pullback_zone|reclaim|rsi|candle_quality|asset_shock|market_state|setup_score,market_state|asset_shock|trend_stack|trend_acceleration|breakout|candle_quality|relative_strength|rsi
SOLUSDT,2026-06-07 04:00:00,2026-06-07 22:15:00,BEAR,False,63.84,66.0744,5.435463659147867,0.8302005012531345,False,MISSED,,,,,trend_stack|trend_stability|ema50_slope|momentum|pullback_zone|reclaim|candle_quality|market_state|setup_score,market_state|trend_stack|trend_acceleration|breakout|volume|candle_quality|relative_strength
SOLUSDT,2026-06-08 05:00:00,2026-06-08 15:15:00,BEAR,False,65.44,67.73039999999999,3.8202933985330074,0.7029339853300638,False,MISSED,,,,,trend_stack|trend_stability|momentum|reclaim|volume|candle_quality|market_state|setup_score,market_state|trend_stack|trend_acceleration|breakout|volume|candle_quality
SOLUSDT,2026-06-10 12:00:00,2026-06-11 12:00:00,BEAR,False,63.5,65.7225,3.7480314960629846,1.8267716535433016,False,MISSED,,,,,trend_stack|trend_stability|ema50_slope|momentum|pullback_zone|reclaim|rsi|candle_quality|market_state|setup_score,market_state|trend_stack|trend_acceleration|breakout|candle_quality|relative_strength|rsi
SOLUSDT,2026-06-11 15:00:00,2026-06-12 15:00:00,BEAR,False,65.35,67.63725,3.9632746748278556,0.5355776587605116,False,MISSED,,,,,trend_stack|trend_stability|momentum|reclaim|candle_quality|market_state|setup_score,market_state|trend_stack|trend_acceleration|breakout|volume|candle_quality
SOLUSDT,2026-06-12 22:00:00,2026-06-13 21:45:00,BEAR,False,66.57,68.89994999999999,4.070902809073169,0.21030494216612042,False,MISSED,,,,,trend_stack|trend_stability|momentum|reclaim|volume|candle_quality|market_state|setup_score,market_state|trend_stack|trend_acceleration|breakout|volume|candle_quality|rsi
SOLUSDT,2026-06-14 01:00:00,2026-06-15 00:00:00,NEUTRAL,False,68.75,71.15625,4.2618181818181915,2.6327272727272764,False,MISSED,,,,,trend_stack|trend_stability|pullback_zone|reclaim|reward_risk|candle_quality|market_state|setup_score,market_state|trend_stack|breakout|volume|candle_quality
SOLUSDT,2026-06-15 00:00:00,2026-06-15 13:30:00,NEUTRAL,False,71.29,73.78515,6.5226539486603885,0.8837144059475517,False,MISSED,,,,,pullback_zone|reclaim|rsi|extension|reward_risk|market_state|setup_score,market_state|rsi
SOLUSDT,2026-06-19 05:00:00,2026-06-20 04:45:00,BEAR,False,68.33,70.72155,3.7465242206936957,0.6000292697204691,False,MISSED,,,,,trend_stack|trend_stability|ema50_slope|momentum|pullback_zone|reclaim|rsi|candle_quality|asset_shock|market_state|setup_score,market_state|asset_shock|trend_stack|trend_acceleration|breakout|candle_quality|relative_strength|rsi
SOLUSDT,2026-06-20 05:00:00,2026-06-20 22:15:00,BEAR,False,70.87,73.35045,4.360095950331577,0.5644137152532887,False,MISSED,,,,,trend_stack|trend_stability|ema50_slope|momentum|pullback_zone|reclaim|market_state|setup_score,market_state|trend_stack|trend_acceleration
SOLUSDT,2026-06-24 17:00:00,2026-06-25 05:15:00,SHOCK,False,66.52,68.84819999999999,4.434756464221292,2.720986169573064,False,MISSED,,,,,trend_stack|trend_stability|ema50_slope|momentum|pullback_zone|reclaim|rsi|candle_quality|asset_shock|market_state|setup_score,market_state|asset_shock|trend_stack|trend_acceleration|breakout|candle_quality|rsi
SOLUSDT,2026-06-25 14:00:00,2026-06-25 16:15:00,SHOCK,False,64.23,66.47805,10.182157870154121,0.0,False,MISSED,,,,,trend_stack|trend_stability|ema50_slope|momentum|pullback_zone|reclaim|rsi|candle_quality|asset_shock|market_state|setup_score,market_state|asset_shock|trend_stack|trend_acceleration|breakout|candle_quality|relative_strength|rsi
SOLUSDT,2026-06-26 02:00:00,2026-06-26 06:45:00,BEAR,False,67.32,69.6762,9.47712418300655,2.094474153297678,False,MISSED,,,,,trend_stack|trend_stability|ema50_slope|momentum|pullback_zone|reclaim|volume|candle_quality|market_state|setup_score,market_state|trend_stack|trend_acceleration|breakout|volume|adx|candle_quality|rsi
SOLUSDT,2026-06-26 14:00:00,2026-06-26 19:15:00,BEAR,False,70.71,73.18484999999998,4.228539103380016,0.6646867486918384,False,MISSED,,,,,trend_stack|trend_stability|extension|stop_distance|reward_risk|market_state|setup_score,market_state|trend_stack|breakout
SOLUSDT,2026-06-28 06:00:00,2026-06-29 03:30:00,BEAR,False,70.52,72.98819999999999,3.7861599546228044,1.1060692002268877,False,MISSED,,,,,ema50_slope|momentum|pullback_zone|reclaim|candle_quality|market_state|setup_score,market_state|trend_stack|trend_acceleration|breakout|candle_quality|relative_strength|rsi
SOLUSDT,2026-06-29 04:00:00,2026-06-29 17:15:00,BEAR,False,72.68,75.2238,4.636763896532733,2.2702256466703434,False,MISSED,,,,,pullback_zone|reclaim|candle_quality|market_state,market_state|adx|candle_quality
SOLUSDT,2026-06-30 13:00:00,2026-07-01 02:45:00,BEAR,False,72.08,74.60279999999999,4.883462819089894,0.24972253052163237,False,MISSED,,,,,momentum|pullback_zone|reclaim|rsi|candle_quality|asset_shock|market_state|setup_score,market_state|asset_shock|trend_stack|trend_acceleration|breakout|candle_quality|rsi
SOLUSDT,2026-07-01 03:00:00,2026-07-01 15:30:00,BEAR,False,74.78,77.3973,4.974592136935008,1.0965498796469744,False,MISSED,,,,,adx|reward_risk|market_state,market_state|breakout|volume|adx
SOLUSDT,2026-07-01 16:00:00,2026-07-02 10:30:00,BEAR,False,77.43,80.14005,6.5995092341469705,1.0848508330104654,False,MISSED,,,,,pullback_zone|reclaim|rsi|extension|reward_risk|market_state|setup_score,market_state|adx|candle_quality
SOLUSDT,2026-07-03 05:00:00,2026-07-04 04:45:00,BULL,True,80.5,83.3175,3.9875776397515454,0.037267080745343024,False,MISSED,,,,,reclaim|volume|candle_quality,breakout|volume|candle_quality
SOLUSDT,2026-07-06 10:00:00,2026-07-06 21:15:00,BULL,True,80.07,82.87244999999999,3.5968527538404023,1.0490820532034337,False,MISSED,,,,,trend_stack|trend_stability|ema50_slope|momentum|pullback_zone|reclaim|rsi|adx|candle_quality|asset_shock|setup_score,asset_shock|trend_stack|trend_acceleration|breakout|volume|adx|candle_quality|rsi
SOLUSDT,2026-07-13 18:00:00,2026-07-14 13:30:00,BEAR,False,74.6,77.21099999999998,3.9142091152815044,0.6702412868632708,False,MISSED,,,,,trend_stack|trend_stability|ema50_slope|momentum|pullback_zone|reclaim|rsi|candle_quality|asset_shock|market_state|setup_score,market_state|asset_shock|trend_stack|trend_acceleration|breakout|candle_quality|relative_strength|rsi
XRPUSDT,2026-05-08 03:00:00,2026-05-09 02:00:00,NEUTRAL,False,1.3834,1.431819,3.5419979760011517,0.4047997686858501,False,MISSED,,,,,trend_stack|trend_stability|ema50_slope|momentum|pullback_zone|reclaim|rsi|volume|candle_quality|market_state|setup_score,market_state|trend_stack|trend_acceleration|breakout|volume|candle_quality|relative_strength|rsi
XRPUSDT,2026-05-09 17:00:00,2026-05-10 16:30:00,STRONG_BULL,True,1.4172,1.466802,3.944397403330515,0.3739768557719505,False,MISSED,,,,,momentum|reclaim,trend_stack|trend_acceleration|breakout|rsi
XRPUSDT,2026-05-13 16:00:00,2026-05-14 14:45:00,SHOCK,False,1.4132,1.462662,4.210302858760253,0.07076139258421398,False,MISSED,,,,,trend_stack|trend_stability|ema50_slope|momentum|pullback_zone|reclaim|rsi|candle_quality|asset_shock|market_state|setup_score,market_state|asset_shock|trend_stack|trend_acceleration|breakout|candle_quality|rsi
XRPUSDT,2026-05-14 15:00:00,2026-05-14 18:30:00,NEUTRAL,False,1.471,1.5224849999999999,4.711080897348737,0.6866077498300474,True,BREAKOUT,2026-05-14 18:00:00,3.0,,2026-05-14 18:00:00,trend_stack|trend_stability|ema50_slope|momentum|reclaim|rsi|extension|reward_risk|market_state|setup_score,market_state|trend_stack|trend_acceleration
XRPUSDT,2026-05-23 08:00:00,2026-05-23 20:45:00,SHOCK,False,1.3123,1.3582305,4.5416444410576755,0.39625085727349646,False,MISSED,,,,,trend_stack|trend_stability|ema50_slope|momentum|pullback_zone|reclaim|rsi|candle_quality|asset_shock|market_state|setup_score,market_state|asset_shock|trend_stack|trend_acceleration|breakout|candle_quality|rsi
XRPUSDT,2026-05-28 04:00:00,2026-05-28 17:00:00,BEAR,False,1.279,1.3237649999999999,4.33150899139954,0.8835027365128904,False,MISSED,,,,,trend_stack|trend_stability|ema50_slope|momentum|pullback_zone|reclaim|rsi|candle_quality|asset_shock|market_state|setup_score,market_state|asset_shock|trend_stack|trend_acceleration|breakout|candle_quality|rsi
XRPUSDT,2026-05-29 02:00:00,2026-05-30 01:30:00,BEAR,False,1.3103,1.3561604999999999,3.9075020987560034,1.1905670457147264,False,MISSED,,,,,trend_stack|trend_stability|momentum|pullback_zone|reclaim|candle_quality|market_state|setup_score,market_state|trend_stack|trend_acceleration|breakout|volume|adx|candle_quality|rsi
XRPUSDT,2026-06-02 23:00:00,2026-06-03 06:45:00,SHOCK,False,1.201,1.243035,3.7135720233139025,0.9325562031640382,False,MISSED,,,,,trend_stack|trend_stability|ema50_slope|momentum|pullback_zone|reclaim|rsi|candle_quality|asset_shock|market_state|setup_score,market_state|asset_shock|trend_stack|trend_acceleration|breakout|candle_quality|rsi
XRPUSDT,2026-06-04 02:00:00,2026-06-04 03:45:00,SHOCK,False,1.1615,1.2021525,4.270340077486017,1.790787774429611,False,MISSED,,,,,trend_stack|trend_stability|ema50_slope|momentum|pullback_zone|reclaim|rsi|candle_quality|asset_shock|market_state|setup_score,market_state|asset_shock|trend_stack|trend_acceleration|breakout|candle_quality|rsi
XRPUSDT,2026-06-06 05:00:00,2026-06-06 08:30:00,BEAR,False,1.0582,1.1017955116325544,5.991305991305982,0.7654507654507651,False,MISSED,,,,,trend_stack|trend_stability|ema50_slope|momentum|pullback_zone|reclaim|rsi|candle_quality|market_state|setup_score,market_state|trend_stack|trend_acceleration|breakout|candle_quality|rsi
XRPUSDT,2026-06-06 17:00:00,2026-06-07 08:00:00,BEAR,False,1.0955,1.1338424999999999,6.408032861706987,1.633957097215886,False,MISSED,,,,,trend_stack|trend_stability|ema50_slope|momentum|pullback_zone|reclaim|candle_quality|market_state|setup_score,market_state|trend_stack|trend_acceleration|breakout|volume|candle_quality|rsi
XRPUSDT,2026-06-07 13:00:00,2026-06-08 00:45:00,BEAR,False,1.1236,1.162926,4.138483446066215,0.3470986116055549,False,MISSED,,,,,trend_stack|trend_stability|momentum|reclaim|candle_quality|market_state|setup_score,market_state|trend_stack|trend_acceleration|breakout|candle_quality
XRPUSDT,2026-06-08 05:00:00,2026-06-08 15:15:00,BEAR,False,1.1403,1.1802105,3.85863369288782,0.7366482504604213,False,MISSED,,,,,trend_stack|trend_stability|momentum|reclaim|candle_quality|market_state|setup_score,market_state|trend_stack|trend_acceleration|breakout|candle_quality|rsi
XRPUSDT,2026-06-10 20:00:00,2026-06-11 18:00:00,BEAR,False,1.0981,1.1365335,4.271013568891716,0.8833439577451999,False,MISSED,,,,,trend_stack|trend_stability|ema50_slope|momentum|pullback_zone|reclaim|rsi|candle_quality|market_state|setup_score,market_state|trend_stack|trend_acceleration|breakout|volume|candle_quality|relative_strength|rsi
XRPUSDT,2026-06-14 05:00:00,2026-06-15 01:45:00,NEUTRAL,False,1.1484,1.188594,3.6224312086380923,1.8808777429467138,False,MISSED,,,,,trend_stack|trend_stability|reclaim|volume|candle_quality|market_state|setup_score,market_state|trend_stack|breakout|volume|candle_quality
XRPUSDT,2026-06-15 02:00:00,2026-06-15 12:00:00,NEUTRAL,False,1.1825,1.2238875,9.057082452431287,0.28752642706131665,False,MISSED,,,,,trend_stack|trend_stability|pullback_zone|reclaim|rsi|extension|reward_risk|candle_quality|market_state|setup_score,market_state|trend_stack|breakout|candle_quality
XRPUSDT,2026-06-24 18:00:00,2026-06-25 06:45:00,BEAR,False,1.0514,1.0881989999999997,3.5096062392999965,0.1712003043560778,False,MISSED,,,,,trend_stack|trend_stability|ema50_slope|momentum|pullback_zone|reclaim|rsi|candle_quality|market_state|setup_score,market_state|trend_stack|trend_acceleration|breakout|candle_quality|rsi
XRPUSDT,2026-06-26 03:00:00,2026-06-26 20:30:00,BEAR,False,1.0147,1.0502144999999998,4.819158371932607,0.5420321277224636,False,MISSED,,,,,trend_stack|trend_stability|ema50_slope|momentum|pullback_zone|reclaim|rsi|candle_quality|market_state|setup_score,market_state|trend_stack|trend_acceleration|breakout|candle_quality|relative_strength|rsi
XRPUSDT,2026-06-28 23:00:00,2026-06-29 19:45:00,BEAR,False,1.0381,1.0744335,3.6316347172719454,0.5683460167613926,False,MISSED,,,,,trend_stack|trend_stability|ema50_slope|momentum|pullback_zone|reclaim|rsi|adx|candle_quality|asset_shock|market_state|setup_score,market_state|asset_shock|trend_stack|trend_acceleration|breakout|adx|candle_quality|rsi
XRPUSDT,2026-07-01 11:00:00,2026-07-02 09:45:00,BEAR,False,1.0403,1.0767105,3.9507834278573406,0.5575314813034727,False,MISSED,,,,,trend_stack|trend_stability|ema50_slope|momentum|pullback_zone|reclaim|volume|candle_quality|market_state|setup_score,market_state|trend_stack|trend_acceleration|breakout|volume|adx|candle_quality|rsi
XRPUSDT,2026-07-02 10:00:00,2026-07-02 13:45:00,NEUTRAL,False,1.0735,1.1110725,3.5211923614345655,0.07452258965998249,False,MISSED,,,,,trend_stack|trend_stability|reclaim|reward_risk|candle_quality|market_state|setup_score,market_state|trend_stack|breakout|candle_quality|relative_strength
XRPUSDT,2026-07-02 22:00:00,2026-07-03 15:15:00,NEUTRAL,False,1.0815,1.1193524999999998,5.649560795191878,0.24040684234858398,False,MISSED,,,,,trend_stack|trend_stability|reclaim|volume|candle_quality|market_state|setup_score,market_state|trend_stack|breakout|volume|candle_quality
XRPUSDT,2026-07-03 16:00:00,2026-07-04 14:15:00,BULL,True,1.1201,1.1593035,4.785287027943921,0.5445942326577978,True,BREAKOUT,2026-07-03 16:00:00,0.0,,2026-07-03 16:00:00,pullback_zone|reclaim|rsi|reward_risk|setup_score,
XRPUSDT,2026-07-06 13:00:00,2026-07-06 17:15:00,NEUTRAL,False,1.1152,1.154232,3.721305595408904,0.5111190817790565,False,MISSED,,,,,momentum|pullback_zone|reclaim|rsi|candle_quality|asset_shock|market_state|setup_score,market_state|asset_shock|trend_stack|trend_acceleration|breakout|adx|candle_quality|relative_strength|rsi
XRPUSDT,2026-07-13 17:00:00,2026-07-14 15:30:00,BEAR,False,1.0686,1.106001,3.602844843720754,1.4130638218229357,False,MISSED,,,,,trend_stack|trend_stability|ema50_slope|momentum|pullback_zone|reclaim|rsi|volume|candle_quality|market_state|setup_score,market_state|trend_stack|trend_acceleration|breakout|volume|candle_quality|relative_strength|rsi
LINKUSDT,2026-05-03 10:00:00,2026-05-04 09:30:00,STRONG_BULL,True,9.15,9.47025,5.3551912568306035,0.6557377049180382,False,MISSED,,,,,trend_stack|trend_stability|ema50_slope|pullback_zone|setup_score,trend_stack|trend_acceleration|breakout|volume|adx|candle_quality
LINKUSDT,2026-05-04 13:00:00,2026-05-05 12:00:00,STRONG_BULL,True,9.41,9.73935,4.144527098831037,0.9564293304994672,False,MISSED,,,,,trend_stability|pullback_zone|reclaim|volume|reward_risk|candle_quality|setup_score,breakout|volume|candle_quality|volatility
LINKUSDT,2026-05-05 12:00:00,2026-05-06 09:00:00,STRONG_BULL,True,9.74,10.0809,4.928131416837787,1.129363449691986,True,BREAKOUT,2026-05-05 12:00:00,0.0,,2026-05-05 12:00:00,pullback_zone|reclaim|rsi|extension|reward_risk|setup_score,volume|volatility
LINKUSDT,2026-05-07 18:00:00,2026-05-08 18:00:00,NEUTRAL,False,9.92,10.267199999999999,3.729838709677411,1.5120967741935518,False,MISSED,,,,,momentum|pullback_zone|reclaim|market_state|setup_score,market_state|trend_stack|trend_acceleration|breakout|volume|adx|rsi
LINKUSDT,2026-05-09 17:00:00,2026-05-10 17:00:00,STRONG_BULL,True,10.33,10.69155,3.678606001936116,0.4840271055179159,False,MISSED,,,,,reclaim|candle_quality|asset_shock,asset_shock|trend_stack|breakout|volume|candle_quality|rsi
LINKUSDT,2026-05-12 10:00:00,2026-05-13 09:15:00,BULL,True,10.34,10.701899999999998,3.9651837524177966,2.4177949709864603,False,MISSED,,,,,trend_stack|ema50_slope|momentum|pullback_zone|reclaim|rsi|candle_quality|setup_score,trend_stack|trend_acceleration|breakout|candle_quality|relative_strength|rsi
LINKUSDT,2026-05-13 16:00:00,2026-05-14 15:00:00,SHOCK,False,10.07,10.42245,5.56107249255214,0.09930486593842885,False,MISSED,,,,,trend_stack|momentum|pullback_zone|reclaim|rsi|candle_quality|asset_shock|market_state|setup_score,market_state|asset_shock|trend_stack|trend_acceleration|breakout|candle_quality|rsi
LINKUSDT,2026-05-18 09:00:00,2026-05-19 07:45:00,BEAR,False,9.47,9.801449999999999,3.5902851108764504,1.6895459345300963,False,MISSED,,,,,trend_stack|trend_stability|ema50_slope|momentum|pullback_zone|reclaim|rsi|volume|candle_quality|market_state|setup_score,market_state|trend_stack|trend_acceleration|breakout|volume|candle_quality|rsi
LINKUSDT,2026-05-21 12:00:00,2026-05-22 12:00:00,BEAR,False,9.55,9.88425,3.5811518324607197,0.27225130890054006,False,MISSED,,,,,trend_stack|trend_stability|pullback_zone|reclaim|volume|candle_quality|market_state|setup_score,market_state|trend_stack|breakout|volume|adx|candle_quality|rsi
LINKUSDT,2026-05-23 08:00:00,2026-05-23 20:45:00,SHOCK,False,9.128,9.447479999999999,6.890885188431197,0.339614373356711,False,MISSED,,,,,trend_stack|trend_stability|ema50_slope|momentum|pullback_zone|reclaim|rsi|candle_quality|asset_shock|market_state|setup_score,market_state|asset_shock|trend_stack|trend_acceleration|breakout|candle_quality|relative_strength|rsi
LINKUSDT,2026-05-24 22:00:00,2026-05-25 14:30:00,BEAR,False,9.285,9.609974999999999,3.909531502423259,0.010770059235319825,False,MISSED,,,,,trend_stack|trend_stability|ema50_slope|momentum|pullback_zone|reclaim|rsi|candle_quality|market_state|setup_score,market_state|trend_stack|trend_acceleration|breakout|candle_quality|relative_strength|rsi
LINKUSDT,2026-05-29 03:00:00,2026-05-30 03:00:00,BEAR,False,8.956,9.269459999999999,3.517195176418058,1.7976775346136624,False,MISSED,,,,,trend_stack|trend_stability|ema50_slope|momentum|pullback_zone|reclaim|volume|candle_quality|asset_shock|market_state|setup_score,market_state|asset_shock|trend_stack|trend_acceleration|breakout|volume|adx|candle_quality|relative_strength|rsi
LINKUSDT,2026-06-03 04:00:00,2026-06-03 06:45:00,BEAR,False,8.229,8.517014999999999,4.6785757686231815,0.01215214485355992,False,MISSED,,,,,trend_stack|trend_stability|ema50_slope|momentum|pullback_zone|reclaim|rsi|candle_quality|asset_shock|market_state|setup_score,market_state|asset_shock|trend_stack|trend_acceleration|breakout|candle_quality|rsi
LINKUSDT,2026-06-03 21:00:00,2026-06-03 22:00:00,SHOCK,False,8.151,8.436285,3.6191878297141447,0.343516132989823,False,MISSED,,,,,trend_stack|trend_stability|ema50_slope|momentum|pullback_zone|reclaim|rsi|candle_quality|asset_shock|market_state|setup_score,market_state|asset_shock|trend_stack|trend_acceleration|breakout|volume|candle_quality|rsi
LINKUSDT,2026-06-06 05:00:00,2026-06-06 08:30:00,BEAR,False,7.068,7.404731303778247,7.498585172608946,1.0045274476513828,False,MISSED,,,,,trend_stack|trend_stability|ema50_slope|momentum|pullback_zone|reclaim|rsi|candle_quality|asset_shock|market_state|setup_score,market_state|asset_shock|trend_stack|trend_acceleration|breakout|candle_quality|rsi
LINKUSDT,2026-06-06 17:00:00,2026-06-07 06:30:00,BEAR,False,7.379,7.659274932648931,6.139043230790085,1.2603333785065725,False,MISSED,,,,,trend_stack|trend_stability|ema50_slope|momentum|pullback_zone|reclaim|volume|candle_quality|market_state|setup_score,market_state|trend_stack|trend_acceleration|breakout|volume|candle_quality|rsi
LINKUSDT,2026-06-07 07:00:00,2026-06-08 00:45:00,BEAR,False,7.685,7.953974999999999,3.9557579700715717,1.6916070266753402,False,MISSED,,,,,trend_stack|trend_stability|ema50_slope|momentum|pullback_zone|reclaim|rsi|extension|market_state|setup_score,market_state|trend_stack|trend_acceleration
LINKUSDT,2026-06-08 05:00:00,2026-06-08 15:00:00,BEAR,False,7.768,8.039879999999998,4.518537590113285,0.5921730175077159,False,MISSED,,,,,trend_stack|trend_stability|momentum|reclaim|volume|candle_quality|asset_shock|market_state|setup_score,market_state|asset_shock|trend_stack|trend_acceleration|breakout|volume|candle_quality
LINKUSDT,2026-06-10 19:00:00,2026-06-11 18:15:00,BEAR,False,7.66,7.9281,3.6684073107049566,2.3368146214099252,False,MISSED,,,,,trend_stack|trend_stability|ema50_slope|momentum|pullback_zone|reclaim|adx|candle_quality|market_state|setup_score,market_state|trend_stack|trend_acceleration|breakout|adx|candle_quality|relative_strength|rsi
LINKUSDT,2026-06-14 05:00:00,2026-06-15 00:15:00,NEUTRAL,False,7.919,8.196164999999999,3.788357115797447,1.7173885591615008,False,MISSED,,,,,trend_stack|trend_stability|reclaim|candle_quality|asset_shock|market_state|setup_score,market_state|asset_shock|trend_stack|breakout|candle_quality|relative_strength|rsi
LINKUSDT,2026-06-15 01:00:00,2026-06-15 13:30:00,NEUTRAL,False,8.158,8.443529999999999,5.06251532238294,0.6496690365285493,False,MISSED,,,,,trend_stability|pullback_zone|reclaim|rsi|extension|reward_risk|candle_quality|market_state|setup_score,market_state|breakout|candle_quality
LINKUSDT,2026-06-21 22:00:00,2026-06-22 13:45:00,BEAR,False,7.851,8.125784999999999,3.7829575850210126,1.0444529359317267,False,MISSED,,,,,trend_stack|trend_stability|ema50_slope|momentum|pullback_zone|reclaim|rsi|candle_quality|market_state|setup_score,market_state|trend_stack|trend_acceleration|breakout|adx|candle_quality|relative_strength|rsi
LINKUSDT,2026-06-24 17:00:00,2026-06-25 06:15:00,SHOCK,False,7.269,7.523415,3.700646581372955,2.0085293713027914,False,MISSED,,,,,trend_stack|trend_stability|ema50_slope|momentum|pullback_zone|reclaim|rsi|candle_quality|asset_shock|market_state|setup_score,market_state|asset_shock|trend_stack|trend_acceleration|breakout|candle_quality|relative_strength|rsi
LINKUSDT,2026-06-25 14:00:00,2026-06-25 22:00:00,SHOCK,False,7.032,7.2781199999999995,4.209328782707626,0.0,False,MISSED,,,,,trend_stack|trend_stability|ema50_slope|momentum|pullback_zone|reclaim|rsi|candle_quality|asset_shock|market_state|setup_score,market_state|asset_shock|trend_stack|trend_acceleration|breakout|candle_quality|rsi
LINKUSDT,2026-06-26 03:00:00,2026-06-26 07:15:00,BEAR,False,7.061,7.308134999999999,4.871831185384511,0.6373034980880885,False,MISSED,,,,,trend_stack|trend_stability|ema50_slope|momentum|pullback_zone|reclaim|rsi|candle_quality|asset_shock|market_state|setup_score,market_state|asset_shock|trend_stack|trend_acceleration|breakout|candle_quality|rsi
LINKUSDT,2026-06-28 22:00:00,2026-06-29 17:15:00,BEAR,False,7.195,7.446825,3.961084086170954,0.4864489228631013,False,MISSED,,,,,trend_stack|trend_stability|ema50_slope|momentum|pullback_zone|reclaim|rsi|volume|candle_quality|asset_shock|market_state|setup_score,market_state|asset_shock|trend_stack|trend_acceleration|breakout|volume|candle_quality|relative_strength|rsi
LINKUSDT,2026-06-30 16:00:00,2026-07-01 15:30:00,BEAR,False,7.158,7.40853,3.8558256496227967,1.1455713886560595,False,MISSED,,,,,trend_stack|trend_stability|ema50_slope|momentum|pullback_zone|reclaim|rsi|candle_quality|market_state|setup_score,market_state|trend_stack|trend_acceleration|breakout|candle_quality|rsi
LINKUSDT,2026-07-01 16:00:00,2026-07-02 12:15:00,BEAR,False,7.416,7.67556,6.715210355987046,1.4832793959007595,False,MISSED,,,,,trend_stack|trend_stability|pullback_zone|reclaim|rsi|reward_risk|candle_quality|market_state|setup_score,market_state|trend_stack|candle_quality
LINKUSDT,2026-07-02 22:00:00,2026-07-03 20:45:00,NEUTRAL,False,7.74,8.0109,3.5271317829457325,0.5943152454780396,False,MISSED,,,,,pullback_zone|reclaim|volume|candle_quality|market_state|setup_score,market_state|breakout|volume|candle_quality
LINKUSDT,2026-07-06 13:00:00,2026-07-06 21:15:00,NEUTRAL,False,7.805,8.078175,3.805253042921212,0.5765534913516968,False,MISSED,,,,,ema50_slope|momentum|pullback_zone|reclaim|rsi|candle_quality|asset_shock|market_state|setup_score,market_state|asset_shock|trend_stack|trend_acceleration|breakout|candle_quality|rsi
LINKUSDT,2026-07-09 02:00:00,2026-07-10 02:00:00,BEAR,False,7.593,7.8587549999999995,3.7402871065455,0.3029105755300894,False,MISSED,,,,,trend_stack|trend_stability|ema50_slope|momentum|pullback_zone|reclaim|rsi|candle_quality|asset_shock|market_state|setup_score,market_state|asset_shock|trend_stack|trend_acceleration|breakout|candle_quality|relative_strength|rsi
LINKUSDT,2026-07-13 13:00:00,2026-07-14 13:00:00,BEAR,False,7.902,8.178569999999999,3.6193368767400718,1.354087572766391,False,MISSED,,,,,trend_stack|trend_stability|ema50_slope|momentum|pullback_zone|reclaim|rsi|candle_quality|market_state|setup_score,market_state|trend_stack|trend_acceleration|breakout|adx|candle_quality|rsi
LINKUSDT,2026-07-14 13:00:00,2026-07-15 13:00:00,BEAR,False,8.187,8.473544999999998,4.7392207157689015,0.17100280933185963,False,MISSED,,,,,trend_stability|rsi|extension|reward_risk|market_state,market_state|adx
DOGEUSDT,2026-05-03 02:00:00,2026-05-04 02:00:00,BULL,True,0.10766,0.1125047,4.523499907114991,0.47371354263422855,False,MISSED,,,,,momentum|pullback_zone|reclaim|candle_quality|setup_score,trend_stack|trend_acceleration|breakout|volume|adx|candle_quality|relative_strength|rsi
DOGEUSDT,2026-05-04 23:00:00,2026-05-05 22:00:00,STRONG_BULL,True,0.11031,0.11527395,5.330432417731843,0.3172876439126127,False,MISSED,,,,,reclaim|adx|volume|candle_quality,trend_stack|breakout|volume|adx|candle_quality|rsi
DOGEUSDT,2026-05-08 06:00:00,2026-05-09 02:15:00,NEUTRAL,False,0.10594,0.1107073,4.596941665093448,0.32093637908250605,False,MISSED,,,,,trend_stack|trend_stability|ema50_slope|momentum|pullback_zone|reclaim|rsi|volume|candle_quality|market_state|setup_score,market_state|trend_stack|trend_acceleration|breakout|volume|candle_quality|relative_strength|rsi
DOGEUSDT,2026-05-12 11:00:00,2026-05-13 09:45:00,NEUTRAL,False,0.10917,0.11408265,4.671613080516619,1.5114042319318481,False,MISSED,,,,,trend_stack|momentum|pullback_zone|reclaim|rsi|volume|candle_quality|market_state|setup_score,market_state|trend_stack|trend_acceleration|breakout|volume|adx|candle_quality|rsi
DOGEUSDT,2026-05-13 14:00:00,2026-05-14 13:15:00,SHOCK,False,0.11054,0.11551429999999999,5.038899945721011,0.8051384114347764,False,MISSED,,,,,reclaim|candle_quality|asset_shock|market_state,market_state|asset_shock|trend_stack|breakout|candle_quality|rsi
DOGEUSDT,2026-05-23 08:00:00,2026-05-23 20:45:00,SHOCK,False,0.09892,0.10337139999999999,5.984634047715335,0.1314193287504966,False,MISSED,,,,,trend_stack|trend_stability|ema50_slope|momentum|pullback_zone|reclaim|rsi|candle_quality|asset_shock|market_state|setup_score,market_state|asset_shock|trend_stack|trend_acceleration|breakout|candle_quality|relative_strength|rsi
DOGEUSDT,2026-06-06 05:00:00,2026-06-06 09:30:00,BEAR,False,0.07863,0.08236324830316298,6.676840900419675,1.2336258425537308,False,MISSED,,,,,trend_stack|trend_stability|ema50_slope|momentum|pullback_zone|reclaim|rsi|candle_quality|market_state|setup_score,market_state|trend_stack|trend_acceleration|breakout|candle_quality|rsi
DOGEUSDT,2026-06-06 17:00:00,2026-06-07 08:00:00,BEAR,False,0.08124,0.08489580000000001,5.600689315608073,0.9478089611029132,False,MISSED,,,,,trend_stack|trend_stability|ema50_slope|momentum|pullback_zone|reclaim|volume|candle_quality|market_state|setup_score,market_state|trend_stack|trend_acceleration|breakout|volume|candle_quality|rsi
DOGEUSDT,2026-06-07 20:00:00,2026-06-08 15:15:00,BEAR,False,0.08335,0.08710074999999999,4.715056988602283,0.263947210557886,False,MISSED,,,,,trend_stack|trend_stability|momentum|pullback_zone|reclaim|candle_quality|market_state|setup_score,market_state|trend_stack|trend_acceleration|breakout|candle_quality|relative_strength|rsi
DOGEUSDT,2026-06-10 21:00:00,2026-06-11 18:00:00,BEAR,False,0.08285,0.08657824999999998,4.695232347616179,1.2311406155702995,False,MISSED,,,,,trend_stack|trend_stability|ema50_slope|momentum|pullback_zone|reclaim|rsi|adx|candle_quality|market_state|setup_score,market_state|trend_stack|trend_acceleration|breakout|volume|adx|candle_quality|rsi
DOGEUSDT,2026-06-11 19:00:00,2026-06-12 15:00:00,BEAR,False,0.08651,0.09040295,4.7393364928909865,1.6876661657611869,False,MISSED,,,,,trend_stack|trend_stability|momentum|pullback_zone|reclaim|reward_risk|candle_quality|market_state|setup_score,market_state|trend_stack|trend_acceleration|breakout|candle_quality
DOGEUSDT,2026-06-14 14:00:00,2026-06-15 13:15:00,NEUTRAL,False,0.0865,0.09039249999999999,4.947976878612724,0.9479768786127022,False,MISSED,,,,,trend_stack|trend_stability|momentum|pullback_zone|reclaim|rsi|candle_quality|market_state|setup_score,market_state|trend_stack|trend_acceleration|breakout|candle_quality|relative_strength|rsi
DOGEUSDT,2026-06-24 18:00:00,2026-06-25 02:30:00,BEAR,False,0.07308,0.0763686,5.856595511767914,0.24630541871921127,False,MISSED,,,,,trend_stack|trend_stability|ema50_slope|momentum|pullback_zone|reclaim|rsi|candle_quality|asset_shock|market_state|setup_score,market_state|asset_shock|trend_stack|trend_acceleration|breakout|candle_quality|relative_strength|rsi
DOGEUSDT,2026-06-25 14:00:00,2026-06-25 17:30:00,SHOCK,False,0.07176,0.0749892,4.7101449275362235,0.0,False,MISSED,,,,,trend_stack|trend_stability|ema50_slope|momentum|pullback_zone|reclaim|rsi|candle_quality|asset_shock|market_state|setup_score,market_state|asset_shock|trend_stack|trend_acceleration|breakout|candle_quality|relative_strength|rsi
DOGEUSDT,2026-07-02 01:00:00,2026-07-02 13:45:00,NEUTRAL,False,0.07194,0.0751773,4.8512649430080526,0.05560189046427352,False,MISSED,,,,,trend_stack|trend_stability|momentum|pullback_zone|reclaim|adx|candle_quality|market_state|setup_score,market_state|trend_stack|trend_acceleration|breakout|adx|candle_quality|relative_strength|rsi
DOGEUSDT,2026-07-02 21:00:00,2026-07-03 20:15:00,NEUTRAL,False,0.07412,0.0774554,5.248246087425783,0.5126821370750206,False,MISSED,,,,,trend_stack|trend_stability|reclaim|volume|candle_quality|market_state|setup_score,market_state|trend_stack|breakout|volume|candle_quality|relative_strength
DOGEUSDT,2026-07-13 17:00:00,2026-07-14 15:45:00,BEAR,False,0.07165,0.07487425,4.982554082344716,1.018841591067702,False,MISSED,,,,,trend_stack|trend_stability|ema50_slope|momentum|pullback_zone|reclaim|rsi|candle_quality|market_state|setup_score,market_state|trend_stack|trend_acceleration|breakout|adx|candle_quality|rsi
